{ "_id" : { "$oid" : "5276af86e13fd30fe7879de9" }, "permalink" : "clearwire", "name" : "Clearwire", "homepage_url" : "http://www.clearwire.com/", "blog_url" : "", "number_of_employees" : null, "founded_year" : 2003, "description" : "wireless ISP" }
{ "_id" : { "$oid" : "5276afb6e13fd30fe7879e10" }, "permalink" : "facebook", "name" : "Facebook", "homepage_url" : "http://facebook.com", "blog_url" : "http://blog.facebook.com", "number_of_employees" : 5299, "founded_year" : 2004, "description" : "Social network" }
{ "_id" : { "$oid" : "5276afdae13fd30fe7879e44" }, "permalink" : "dena", "name" : "DeNA", "homepage_url" : "http://dena.com", "blog_url" : "", "number_of_employees" : 2192, "founded_year" : 1999, "description" : "Mobile Internet" }
{ "_id" : { "$oid" : "5276afdfe13fd30fe7879e56" }, "permalink" : "solyndra", "name" : "Solyndra", "homepage_url" : "http://www.solyndra.com", "blog_url" : "http://www.solyndra.com/News/", "number_of_employees" : null, "founded_year" : 2005, "description" : "Solar installation maker" }
{ "_id" : { "$oid" : "5276afece13fd30fe7879e6e" }, "permalink" : "fisker", "name" : "Fisker Automotive", "homepage_url" : "http://www.fiskerautomotive.com", "blog_url" : "", "number_of_employees" : null, "founded_year" : 2008, "description" : "green sports cars" }
{ "_id" : { "$oid" : "5276b01ce13fd30fe7879ea0" }, "permalink" : "twitter", "name" : "Twitter", "homepage_url" : "http://twitter.com", "blog_url" : "http://twitter.com/blog", "number_of_employees" : 1300, "founded_year" : 2006, "description" : "Real time communication platform" }
{ "_id" : { "$oid" : "5276b0a1e13fd30fe7879eed" }, "permalink" : "groupon", "name" : "Groupon", "homepage_url" : "http://www.groupon.com", "blog_url" : "http://www.groupon.com/blog/", "number_of_employees" : 10000, "founded_year" : 2008, "description" : "Local Daily Deals" }
{ "_id" : { "$oid" : "5276b0d3e13fd30fe7879f23" }, "permalink" : "sirius", "name" : "Sirius XM Radio, Inc.", "homepage_url" : "http://siriusxm.com", "blog_url" : "", "number_of_employees" : null, "founded_year" : null, "description" : "Satellite Radio Provider" }
{ "_id" : { "$oid" : "5276b0d6e13fd30fe7879f28" }, "permalink" : "wave-broadband", "name" : "Wave Broadband", "homepage_url" : "http://www.wavebroadband.com", "blog_url" : "", "number_of_employees" : 800, "founded_year" : 2002, "description" : "Fiber Optic Broadband Services" }
{ "_id" : { "$oid" : "5276b0d8e13fd30fe7879f2e" }, "permalink" : "livingsocial", "name" : "LivingSocial", "homepage_url" : "http://www.livingsocial.com/", "blog_url" : "", "number_of_employees" : null, "founded_year" : 2007, "description" : "social commerce" }
{ "_id" : { "$oid" : "5276b0fbe13fd30fe7879f66" }, "permalink" : "surveymonkey", "name" : "SurveyMonkey", "homepage_url" : "http://www.surveymonkey.com", "blog_url" : "http://blog.surveymonkey.com", "number_of_employees" : 150, "founded_year" : 1999, "description" : "Online Survey Builder" }
{ "_id" : { "$oid" : "5276b10be13fd30fe7879f82" }, "permalink" : "zynga", "name" : "Zynga", "homepage_url" : "http://www.zynga.com", "blog_url" : "http://zyngablog.typepad.com/zynga/", "number_of_employees" : 115, "founded_year" : 2007, "description" : "Network of gaming applications" }
{ "_id" : { "$oid" : "5276b13de13fd30fe7879fc9" }, "permalink" : "better-place", "name" : "Better Place", "homepage_url" : "http://www.betterplace.com", "blog_url" : "http://blog.betterplace.com/", "number_of_employees" : null, "founded_year" : 2007, "description" : "" }
{ "_id" : { "$oid" : "5276b144e13fd30fe7879fda" }, "permalink" : "brightsource-energy", "name" : "BrightSource Energy", "homepage_url" : "http://www.brightsourceenergy.com", "blog_url" : "http://www.brightsourceenergy.com/solar-dispatch", "number_of_employees" : null, "founded_year" : 2004, "description" : "Solar plants" }
{ "_id" : { "$oid" : "5276b166e13fd30fe787a00c" }, "permalink" : "tesla-motors", "name" : "Tesla Motors", "homepage_url" : "http://www.teslamotors.com", "blog_url" : "http://www.teslamotors.com/blogs.php", "number_of_employees" : 500, "founded_year" : 2003, "description" : "Electric Sport Cars" }
{ "_id" : { "$oid" : "5276b18ae13fd30fe787a05c" }, "permalink" : "enel-ogk", "name" : "Enel OGK-5", "homepage_url" : "http://www.ogk5.ru", "blog_url" : "", "number_of_employees" : null, "founded_year" : null, "description" : "" }
{ "_id" : { "$oid" : "5276b18be13fd30fe787a060" }, "permalink" : "vertex-pharmaceuticals", "name" : "Vertex Pharmaceuticals", "homepage_url" : "http://www.vrtx.com", "blog_url" : "", "number_of_employees" : null, "founded_year" : 1989, "description" : "Viral Disease Treatment Research" }
{ "_id" : { "$oid" : "5276b18ee13fd30fe787a064" }, "permalink" : "vivint", "name" : "Vivint", "homepage_url" : "http://www.vivint.com", "blog_url" : "", "number_of_employees" : null, "founded_year" : null, "description" : "" }
{ "_id" : { "$oid" : "5276b192e13fd30fe787a068" }, "permalink" : "greatpoint-energy", "name" : "GreatPoint Energy", "homepage_url" : "http://www.greatpointenergy.com", "blog_url" : "", "number_of_employees" : null, "founded_year" : 2004, "description" : "Eco-friendly Natural Gas Production" }
{ "_id" : { "$oid" : "5276b1a9e13fd30fe787a080" }, "permalink" : "friendfinder-networks", "name" : "FriendFinder Networks", "homepage_url" : "http://www.ffn.com", "blog_url" : "", "number_of_employees" : 350, "founded_year" : null, "description" : "" }
{ "_id" : { "$oid" : "5276b1aae13fd30fe787a082" }, "permalink" : "bloom-energy", "name" : "Bloom Energy", "homepage_url" : "http://www.bloomenergy.com", "blog_url" : "", "number_of_employees" : null, "founded_year" : 2002, "description" : "Fuel Cell Technology" }
{ "_id" : { "$oid" : "5276b1e1e13fd30fe787a0a8" }, "permalink" : "m-setek", "name" : "M.Setek", "homepage_url" : "http://www.msetek.com/", "blog_url" : "", "number_of_employees" : null, "founded_year" : 1978, "description" : "" }
{ "_id" : { "$oid" : "5276b1e4e13fd30fe787a0ac" }, "permalink" : "first-wind", "name" : "First Wind", "homepage_url" : "http://www.firstwind.com", "blog_url" : "", "number_of_employees" : null, "founded_year" : null, "description" : "" }
{ "_id" : { "$oid" : "5276b1e8e13fd30fe787a0b2" }, "permalink" : "unitedmobile", "name" : "United Mobile", "homepage_url" : "http://www.united-mobile.com", "blog_url" : "", "number_of_employees" : null, "founded_year" : null, "description" : "Low cost international calling" }
{ "_id" : { "$oid" : "5276b1f3e13fd30fe787a0c1" }, "permalink" : "solarcity", "name" : "SolarCity", "homepage_url" : "http://www.solarcity.com/", "blog_url" : "", "number_of_employees" : null, "founded_year" : 2006, "description" : "Solar Panel Installation and Financing " }
{ "_id" : { "$oid" : "5276b20be13fd30fe787a0f6" }, "permalink" : "abound-solar", "name" : "Abound Solar", "homepage_url" : "http://www.abound.com", "blog_url" : "", "number_of_employees" : null, "founded_year" : 2007, "description" : "Solar module manufacturing" }
{ "_id" : { "$oid" : "5276b211e13fd30fe787a103" }, "permalink" : "homeaway", "name" : "HomeAway", "homepage_url" : "http://www.HomeAway.com", "blog_url" : "http://community.homeaway.com/blogs", "number_of_employees" : null, "founded_year" : 2005, "description" : "Online vacation rental marketplace" }
{ "_id" : { "$oid" : "5276b220e13fd30fe787a11c" }, "permalink" : "a123systems", "name" : "A123 Systems", "homepage_url" : "http://a123systems.com", "blog_url" : "http://a123systems.ru", "number_of_employees" : null, "founded_year" : 2001, "description" : "Battery Maker" }
{ "_id" : { "$oid" : "5276b231e13fd30fe787a139" }, "permalink" : "nanosolar", "name" : "Nanosolar", "homepage_url" : "http://www.nanosolar.com", "blog_url" : "http://blog.nanosolar.com", "number_of_employees" : null, "founded_year" : 2002, "description" : "Solar Cells" }
{ "_id" : { "$oid" : "5276b25be13fd30fe787a186" }, "permalink" : "oak-pacific-interactive", "name" : "Oak Pacific Interactive", "homepage_url" : "http://www.oakpacific.com", "blog_url" : "", "number_of_employees" : null, "founded_year" : null, "description" : "Social networking" }
{ "_id" : { "$oid" : "5276b266e13fd30fe787a197" }, "permalink" : "miasole", "name" : "MiaSolé", "homepage_url" : "http://www.miasole.com/www/", "blog_url" : "", "number_of_employees" : null, "founded_year" : 2001, "description" : "Thin Film Photovoltaics" }
{ "_id" : { "$oid" : "5276b298e13fd30fe787a1c3" }, "permalink" : "gree", "name" : "GREE", "homepage_url" : "http://www.gree-corp.com/", "blog_url" : "", "number_of_employees" : 700, "founded_year" : 2004, "description" : "Internet media business,SNS,  free game" }
{ "_id" : { "$oid" : "5276b29be13fd30fe787a1ca" }, "permalink" : "invenergy", "name" : "Invenergy", "homepage_url" : "http://www.invenergyllc.com", "blog_url" : "", "number_of_employees" : null, "founded_year" : 2001, "description" : "Wind farms" }
{ "_id" : { "$oid" : "5276b29de13fd30fe787a1d0" }, "permalink" : "crucell", "name" : "Crucell", "homepage_url" : "http://www.crucell.com", "blog_url" : "", "number_of_employees" : null, "founded_year" : 1993, "description" : "Pharmaceutical Development" }
{ "_id" : { "$oid" : "5276b2a0e13fd30fe787a1d4" }, "permalink" : "solopower", "name" : "SoloPower", "homepage_url" : "http://www.solopower.com/", "blog_url" : "", "number_of_employees" : null, "founded_year" : 2005, "description" : "thin-film photovoltaic cells" }
{ "_id" : { "$oid" : "5276b2b2e13fd30fe787a208" }, "permalink" : "bigpoint", "name" : "Bigpoint", "homepage_url" : "http://www.bigpoint.com", "blog_url" : "", "number_of_employees" : 500, "founded_year" : 2002, "description" : "developer and provider of online games" }
{ "_id" : { "$oid" : "5276b2b9e13fd30fe787a213" }, "permalink" : "nextg-networks", "name" : "NextG Networks", "homepage_url" : "http://www.nextgnetworks.net/", "blog_url" : "", "number_of_employees" : null, "founded_year" : null, "description" : "Mobile Antennae Systems" }
{ "_id" : { "$oid" : "5276b2c4e13fd30fe787a222" }, "permalink" : "brash-entertainment", "name" : "Brash Entertainment", "homepage_url" : "http://www.brashent.com/", "blog_url" : "", "number_of_employees" : null, "founded_year" : 2007, "description" : "entertainment company" }
{ "_id" : { "$oid" : "5276b2c8e13fd30fe787a22a" }, "permalink" : "nook-media", "name" : "Nook Media", "homepage_url" : "http://www.barnesandnoble.com/u/nook/379003208", "blog_url" : "", "number_of_employees" : null, "founded_year" : null, "description" : "" }
{ "_id" : { "$oid" : "5276b2cee13fd30fe787a231" }, "permalink" : "demandmedia", "name" : "Demand Media", "homepage_url" : "http://demandmedia.com", "blog_url" : "http://demandmedia.com/blog", "number_of_employees" : null, "founded_year" : 2006, "description" : "Online media and technology company" }
{ "_id" : { "$oid" : "5276b2e8e13fd30fe787a25b" }, "permalink" : "deem", "name" : "Deem", "homepage_url" : "http://www.deem.com/", "blog_url" : "http://blog.deem.com/", "number_of_employees" : 400, "founded_year" : 2000, "description" : "Deem delivers Commerce-as-a-Service" }
{ "_id" : { "$oid" : "5276b302e13fd30fe787a288" }, "permalink" : "vmware", "name" : "VMware", "homepage_url" : "http://www.vmware.com", "blog_url" : "http://blogs.vmware.com", "number_of_employees" : 13500, "founded_year" : 1998, "description" : "Virtualization Software" }
{ "_id" : { "$oid" : "5276b309e13fd30fe787a28f" }, "permalink" : "i-o-data-centers", "name" : "IO.com", "homepage_url" : "http://www.io.com", "blog_url" : "http://io.com/blog/", "number_of_employees" : null, "founded_year" : null, "description" : "intelligent control" }
{ "_id" : { "$oid" : "5276b30de13fd30fe787a297" }, "permalink" : "bostonpower", "name" : "Boston Power", "homepage_url" : "http://www.boston-power.com", "blog_url" : "", "number_of_employees" : 100, "founded_year" : 2005, "description" : "Lithium-ion battery provider" }
{ "_id" : { "$oid" : "5276b33be13fd30fe787a2ce" }, "permalink" : "stormfisher-biogas", "name" : "Stormfisher Biogas", "homepage_url" : "http://stormfisher.com", "blog_url" : "", "number_of_employees" : null, "founded_year" : null, "description" : "Renewable energy (biogas)" }
{ "_id" : { "$oid" : "5276b33ce13fd30fe787a2d2" }, "permalink" : "square", "name" : "Square", "homepage_url" : "http://squareup.com/", "blog_url" : "", "number_of_employees" : 200, "founded_year" : 2009, "description" : "Mobile payments system" }
{ "_id" : { "$oid" : "5276b35de13fd30fe787a310" }, "permalink" : "xiaomi", "name" : "Xiaomi", "homepage_url" : "http://www.xiaomi.com/", "blog_url" : "http://www.weibo.com/xiaomikeji", "number_of_employees" : 2600, "founded_year" : 2010, "description" : "" }
{ "_id" : { "$oid" : "5276b35fe13fd30fe787a319" }, "permalink" : "bonesupport", "name" : "BONESUPPORT", "homepage_url" : "http://www.bonesupport.com", "blog_url" : "", "number_of_employees" : null, "founded_year" : null, "description" : "" }
{ "_id" : { "$oid" : "5276b36de13fd30fe787a33a" }, "permalink" : "pinterest", "name" : "Pinterest", "homepage_url" : "http://pinterest.com/", "blog_url" : "http://blog.pinterest.com/", "number_of_employees" : 180, "founded_year" : 2009, "description" : "Organize and share things you love." }
{ "_id" : { "$oid" : "5276b399e13fd30fe787a383" }, "permalink" : "sunrun", "name" : "Sunrun", "homepage_url" : "http://www.sunrun.com", "blog_url" : "http://www.sunrun.com/blog", "number_of_employees" : 180, "founded_year" : 2007, "description" : "Home Solar Power Service" }
{ "_id" : { "$oid" : "5276b3b3e13fd30fe787a3a7" }, "permalink" : "qunar-com", "name" : "Qunar.com", "homepage_url" : "http://www.qunar.com", "blog_url" : "", "number_of_employees" : null, "founded_year" : 2005, "description" : "" }
{ "_id" : { "$oid" : "5276b3c0e13fd30fe787a3c2" }, "permalink" : "palo-alto-networks", "name" : "Palo Alto Networks", "homepage_url" : "http://www.paloaltonetworks.com/", "blog_url" : "http://www.paloaltonetworks.com/researchcenter/", "number_of_employees" : null, "founded_year" : 2005, "description" : "Hardware Firewalls" }
{ "_id" : { "$oid" : "5276b3dbe13fd30fe787a3e0" }, "permalink" : "zenimax", "name" : "ZeniMax", "homepage_url" : "http://www.zenimax.com", "blog_url" : "", "number_of_employees" : null, "founded_year" : 1999, "description" : "Game development" }
{ "_id" : { "$oid" : "5276b3e1e13fd30fe787a3f3" }, "permalink" : "kosmos-biotherapeutics", "name" : "Kosmos Biotherapeutics", "homepage_url" : "", "blog_url" : "", "number_of_employees" : null, "founded_year" : null, "description" : "Pre-Clinical Stage BioPharma Company" }
{ "_id" : { "$oid" : "5276b3e4e13fd30fe787a3ff" }, "permalink" : "horizon-wind-energy", "name" : "Horizon Wind Energy", "homepage_url" : "http://www.horizonwind.com", "blog_url" : "", "number_of_employees" : null, "founded_year" : 1998, "description" : "Wind Farm Manager" }
{ "_id" : { "$oid" : "5276b3e7e13fd30fe787a406" }, "permalink" : "sungard", "name" : "SunGard", "homepage_url" : "http://www.sungard.com/", "blog_url" : "http://blogs.sungard.com/", "number_of_employees" : null, "founded_year" : 1982, "description" : "Enterprise Software" }
{ "_id" : { "$oid" : "5276b3eae13fd30fe787a40a" }, "permalink" : "oxthera", "name" : "OxThera", "homepage_url" : "http://www.oxthera.com", "blog_url" : "", "number_of_employees" : null, "founded_year" : null, "description" : "" }
{ "_id" : { "$oid" : "5276b3f2e13fd30fe787a41b" }, "permalink" : "amyris-biotechnologies", "name" : "Amyris Biotechnologies", "homepage_url" : "http://www.amyrisbiotech.com", "blog_url" : "", "number_of_employees" : null, "founded_year" : null, "description" : "Renewable Fuels" }
{ "_id" : { "$oid" : "5276b410e13fd30fe787a443" }, "permalink" : "palantir-technologies", "name" : "Palantir Technologies", "homepage_url" : "http://www.palantir.com", "blog_url" : "http://blog.palantir.com", "number_of_employees" : 550, "founded_year" : 2004, "description" : "platforms for integrating information" }
{ "_id" : { "$oid" : "5276b41be13fd30fe787a45b" }, "permalink" : "tower-vision", "name" : "Tower Vision", "homepage_url" : "http://www.tower-vision.com/", "blog_url" : "", "number_of_employees" : null, "founded_year" : null, "description" : "" }
{ "_id" : { "$oid" : "5276b41ce13fd30fe787a45f" }, "permalink" : "whale-shark-media", "name" : "RetailMeNot, Inc.", "homepage_url" : "http://www.retailmenot.com/corp", "blog_url" : "http://www.retailmenot.com/blog/", "number_of_employees" : 331, "founded_year" : 2007, "description" : "Coupon Aggregator" }
{ "_id" : { "$oid" : "5276b42ce13fd30fe787a473" }, "permalink" : "box", "name" : "Box", "homepage_url" : "http://www.box.com/", "blog_url" : "http://blog.box.com/", "number_of_employees" : 700, "founded_year" : 2005, "description" : "Cloud Content Management" }
{ "_id" : { "$oid" : "5276b478e13fd30fe787a4c5" }, "permalink" : "chegg", "name" : "Chegg", "homepage_url" : "http://www.chegg.com/", "blog_url" : "http://blog.chegg.com", "number_of_employees" : null, "founded_year" : 2005, "description" : "Online textbook rental" }
